AAA	lysine	lys	K
AAC	asparagine	asn	N
AAG	lysine	lys	K
AAT	asparagine	asn	N
ACA	threonine	thr	T
ACC	threonine	thr	T
ACG	threonine	thr	T
ACT	threonine	thr	T
AGA	arginine	arg	R
AGC	serine	ser	S
AGG	arginine	arg	R
AGT	serine	ser	S
ATA	isoleucine	ile	I
ATC	isoleucine	ile	I
ATG	methionine	met	M
ATT	isoleucine	ile	I
CAA	glutamine	gln	Q
CAC	histidine	his	H
CAG	glutamine	gln	Q
CAT	histidine	his	H
CCA	proline	pro	P
CCC	proline	pro	P
CCG	proline	pro	P
CCT	proline	pro	P
CGA	arginine	arg	R
CGC	arginine	arg	R
CGG	arginine	arg	R
CGT	arginine	arg	R
CTA	leucine	leu	L
CTC	leucine	leu	L
CTG	leucine	leu	L
CTT	leucine	leu	L
GAA	glutamate	glu	E
GAC	aspartate	asp	D
GAG	glutamate	glu	E
GAT	aspartate	asp	D
GCA	alanine	ala	A
GCC	alanine	ala	A
GCG	alanine	ala	A
GCT	alanine	ala	A
GGA	glycine	gly	G
GGC	glycine	gly	G
GGG	glycine	gly	G
GGT	glycine	gly	G
GTA	valine	val	V
GTC	valine	val	V
GTG	valine	val	V
GTT	valine	val	V
TAA	stop	ter	X
TAC	tyrosine	tyr	Y
TAG	stop	ter	X
TAT	tyrosine	tyr	Y
TCA	serine	ser	S
TCC	serine	ser	S
TCG	serine	ser	S
TCT	serine	ser	S
TGA	stop	ter	X
TGC	cysteine	cys	C
TGG	tryptophan	trp	W
TGT	cysteine	cys	C
TTA	leucine	leu	L
TTC	phenylalanine	phe	F
TTG	leucine	leu	L
TTT	phenylalanine	phe	F
